{"GoOut":1,"avg(GPA)":2.9966413387570654}
{"GoOut":3,"avg(GPA)":2.9968305274717633}
{"GoOut":5,"avg(GPA)":2.9968069704990503}
{"GoOut":4,"avg(GPA)":2.996830835445756}
{"GoOut":2,"avg(GPA)":2.9968237712051304}
