{"GoOut":1,"total_count":3088451,"perfect_gpa_count":46803,"perfect_gpa_percentage":1.5154198658162297}
{"GoOut":2,"total_count":3826599,"perfect_gpa_count":58380,"perfect_gpa_percentage":1.525636733820293}
{"GoOut":3,"total_count":2417510,"perfect_gpa_count":36710,"perfect_gpa_percentage":1.5185045770234664}
{"GoOut":4,"total_count":605149,"perfect_gpa_count":9288,"perfect_gpa_percentage":1.534828612457428}
{"GoOut":5,"total_count":62291,"perfect_gpa_count":930,"perfect_gpa_percentage":1.4929925671445312}
