{"avg_age":15.9996526,"avg_gpa_young":2.9969590461657147,"avg_gpa_old":2.9964849430468394}
