{"GoOut":1,"total_count":2470871,"perfect_gpa_count":37415,"perfect_gpa_percentage":1.5142433579090127}
{"GoOut":2,"total_count":3060678,"perfect_gpa_count":46611,"perfect_gpa_percentage":1.5228978677273468}
{"GoOut":3,"total_count":1934811,"perfect_gpa_count":29219,"perfect_gpa_percentage":1.5101733450967563}
{"GoOut":4,"total_count":484835,"perfect_gpa_count":7424,"perfect_gpa_percentage":1.53124258768447}
{"GoOut":5,"total_count":49579,"perfect_gpa_count":757,"perfect_gpa_percentage":1.526856128602836}
