{"Romantic":1,"Race":"Other","avg_GPA":3.0008370794123147,"std_GPA":0.4565876695712622,"var_GPA":0.2084723000045161,"max_GPA":4.0,"min_GPA":1.217007583214176,"mode_GPA":4.0}
{"Romantic":1,"Race":"Asian","avg_GPA":2.9973629346105897,"std_GPA":0.4580188301467116,"var_GPA":0.20978124876896223,"max_GPA":4.0,"min_GPA":1.03843161036726,"mode_GPA":4.0}
{"Romantic":0,"Race":"Asian","avg_GPA":2.997029798629454,"std_GPA":0.4599389634328315,"var_GPA":0.21154385008366752,"max_GPA":4.0,"min_GPA":0.7935262919506195,"mode_GPA":4.0}
{"Romantic":0,"Race":"Black","avg_GPA":2.9962084508893545,"std_GPA":0.45959480939467123,"var_GPA":0.2112273888225242,"max_GPA":4.0,"min_GPA":0.8238119772214958,"mode_GPA":4.0}
{"Romantic":0,"Race":"Other","avg_GPA":2.9992299185926132,"std_GPA":0.4603169859980064,"var_GPA":0.21189172759828884,"max_GPA":4.0,"min_GPA":1.0464984357077718,"mode_GPA":4.0}
{"Romantic":0,"Race":"Hispanic","avg_GPA":2.9966293820603007,"std_GPA":0.4593685818968628,"var_GPA":0.21101949403393475,"max_GPA":4.0,"min_GPA":0.8138448226387027,"mode_GPA":4.0}
{"Romantic":1,"Race":"Hispanic","avg_GPA":2.9954605471523843,"std_GPA":0.4597696241110237,"var_GPA":0.211388107255192,"max_GPA":4.0,"min_GPA":0.7561401342094018,"mode_GPA":4.0}
{"Romantic":0,"Race":"White","avg_GPA":2.9968571521888046,"std_GPA":0.4594676468599991,"var_GPA":0.21111051851106483,"max_GPA":4.0,"min_GPA":0.7131814488377701,"mode_GPA":4.0}
{"Romantic":1,"Race":"White","avg_GPA":2.9972464032604926,"std_GPA":0.4594711082672855,"var_GPA":0.2111136993323676,"max_GPA":4.0,"min_GPA":0.7364772228069484,"mode_GPA":4.0}
{"Romantic":1,"Race":"Black","avg_GPA":2.9979060434037663,"std_GPA":0.46035089318422867,"var_GPA":0.2119229448555171,"max_GPA":4.0,"min_GPA":0.7901114381675498,"mode_GPA":4.0}
{"Romantic":1,"Race":"Two-or-more","avg_GPA":2.9947162744698432,"std_GPA":0.4589320055507722,"var_GPA":0.210618585718854,"max_GPA":4.0,"min_GPA":0.9069006603728962,"mode_GPA":4.0}
{"Romantic":0,"Race":"Two-or-more","avg_GPA":2.9965438069424155,"std_GPA":0.45963650222120744,"var_GPA":0.21126571417414605,"max_GPA":4.0,"min_GPA":0.8719484359062869,"mode_GPA":4.0}
